{"cameraMode":{"drawMode":0,"name":"Shaded","section":"Shading Mode"},"sceneLighting":false,"audioPlay":false,"sceneViewState":{"showFog":true,"showMaterialUpdate":false,"showSkybox":true,"showFlares":true,"showImageEffects":true,"showParticleSystems":true},"in2DMode":false,"pivot":{"x":-7.902331352233887,"y":-4.730227470397949,"z":2.414560317993164},"rotation":{"x":0.12783141434192658,"y":-0.8714639544487,"z":0.31556281447410586,"w":0.35302963852882388},"size":25.930452346801759,"orthographic":false}