{"cameraMode":{"drawMode":0,"name":"Shaded","section":"Shading Mode"},"sceneLighting":false,"audioPlay":false,"sceneViewState":{"showFog":true,"showMaterialUpdate":false,"showSkybox":true,"showFlares":true,"showImageEffects":true,"showParticleSystems":true},"in2DMode":false,"pivot":{"x":-2.700000047683716,"y":0.6000000238418579,"z":3.2699999809265138},"rotation":{"x":-0.07415895909070969,"y":0.925791323184967,"z":-0.2571265995502472,"w":-0.2670148015022278},"size":2.8578836917877199,"orthographic":false}