{"cameraMode":{"drawMode":0,"name":"Shaded","section":"Shading Mode"},"sceneLighting":false,"audioPlay":false,"sceneViewState":{"showFog":true,"showMaterialUpdate":false,"showSkybox":true,"showFlares":true,"showImageEffects":true,"showParticleSystems":true},"in2DMode":false,"pivot":{"x":8.08481216430664,"y":0.4781954288482666,"z":-3.478396415710449},"rotation":{"x":0.018667755648493768,"y":0.9664415717124939,"z":-0.07350260019302368,"w":0.24543772637844087},"size":8.384827613830567,"orthographic":false}