{"cameraMode":{"drawMode":0,"name":"Shaded","section":"Shading Mode"},"sceneLighting":false,"audioPlay":false,"sceneViewState":{"showFog":true,"showMaterialUpdate":false,"showSkybox":true,"showFlares":true,"showImageEffects":true,"showParticleSystems":true},"in2DMode":false,"pivot":{"x":22.23356056213379,"y":5.028981685638428,"z":8.399152755737305},"rotation":{"x":0.012269821017980576,"y":0.9869240522384644,"z":-0.1319553703069687,"w":0.09175054728984833},"size":22.51715660095215,"orthographic":false}