{"cameraMode":{"drawMode":0,"name":"Shaded","section":"Shading Mode"},"sceneLighting":false,"audioPlay":false,"sceneViewState":{"showFog":true,"showMaterialUpdate":false,"showSkybox":true,"showFlares":true,"showImageEffects":true,"showParticleSystems":true},"in2DMode":false,"pivot":{"x":6.9631147384643559,"y":0.7613523006439209,"z":-5.1332597732543949},"rotation":{"x":-0.02051844634115696,"y":0.9785610437393189,"z":-0.12187709659337998,"w":-0.16475243866443635},"size":8.384827613830567,"orthographic":false}